,call_type,clan,pod,filename,audio_fp,spect_fp,true_tokens_string,pred_tokens,pred_call
0,N01i,A,A1,N01i-A1-1,data/ford-catalogue/Northern Resident/media/A_clan/N01i-A1-1.mp3,data/ford-catalogue/spects/N01i-A1-1.png,(BB) (SHORT ASC FAST | FLAT) (PEAK FLAT PEAK | PEAK FLAT) ,(LEFT PEAK LARGE) (FLAT) (RIGHT PEAK),N20
1,N01i,A,A1,N01i-A1-2,data/ford-catalogue/Northern Resident/media/A_clan/N01i-A1-2.mp3,data/ford-catalogue/spects/N01i-A1-2.png,(BB) (SHORT ASC FAST | FLAT) (PEAK FLAT PEAK | PEAK FLAT) ,(BB) (UPSWEEP FLAT) (ASC SBI_INC),N07ii
2,N01i,A,A1,N01i-A1-3,data/ford-catalogue/Northern Resident/media/A_clan/N01i-A1-3.mp3,data/ford-catalogue/spects/N01i-A1-3.png,(BB) (SHORT ASC FAST | FLAT) (PEAK FLAT PEAK | PEAK FLAT) ,(BB) (UPSWEEP FLAT) (ASC SBI_INC),N07ii
3,N01i,A,A1,N01i-A1-4,data/ford-catalogue/Northern Resident/media/A_clan/N01i-A1-4.mp3,data/ford-catalogue/spects/N01i-A1-4.png,(BB) (SHORT ASC FAST | FLAT) (PEAK FLAT PEAK | PEAK FLAT) ,(BB) (UPSWEEP FLAT) (ASC SBI_INC),N07ii
4,N01ii,A,B1,N01ii-B1-1,data/ford-catalogue/Northern Resident/media/A_clan/N01ii-B1-1.mp3,data/ford-catalogue/spects/N01ii-B1-1.png,(BB SHORT) (SHORT ASC FAST | GAP) (PEAK FLAT) ,(BB) (UPSWEEP FLAT) (ASC SBI_INC),N07ii
5,N01ii,A,B1,N01ii-B1-2,data/ford-catalogue/Northern Resident/media/A_clan/N01ii-B1-2.mp3,data/ford-catalogue/spects/N01ii-B1-2.png,(BB SHORT) (SHORT ASC FAST | GAP) (PEAK FLAT) ,(FLAT SBI_WIDE) (DOWNSWEEP FLAT DOWNSWEEP),N23ii
6,N01ii,A,"I1,I2,I18","N01ii-I1,I2,I18-1","data/ford-catalogue/Northern Resident/media/A_clan/N01ii-I1,I2,I18-1.mp3","data/ford-catalogue/spects/N01ii-I1,I2,I18-1.png",(BB SHORT) (SHORT ASC FAST | GAP) (PEAK FLAT) ,(ASC SLOW SBI_TIGHT) (FLAT SBI_TIGHT),N12
7,N01ii,A,I2,N01ii-I2-1,data/ford-catalogue/Northern Resident/media/A_clan/N01ii-I2-1.mp3,data/ford-catalogue/spects/N01ii-I2-1.png,(BB SHORT) (SHORT ASC FAST | GAP) (PEAK FLAT) ,(BB) (UPSWEEP FLAT) (ASC SBI_INC),N07ii
8,N01iii,A,C1,N01iii-C1-1,data/ford-catalogue/Northern Resident/media/A_clan/N01iii-C1-1.mp3,data/ford-catalogue/spects/N01iii-C1-1.png,(BB) (SHORT FLAT ?) (PEAK FLAT) ,(BB) (UPSWEEP FLAT) (ASC SBI_INC),N07ii
9,N01iii,A,D1,N01iii-D1-1,data/ford-catalogue/Northern Resident/media/A_clan/N01iii-D1-1.mp3,data/ford-catalogue/spects/N01iii-D1-1.png,(BB) (SHORT FLAT ?) (PEAK FLAT) ,(BB) (UPSWEEP FLAT) (ASC SBI_INC),N07ii
12,N02,A,A1,N02-A1-1,data/ford-catalogue/Northern Resident/media/A_clan/N02-A1-1.mp3,data/ford-catalogue/spects/N02-A1-1.png,(BB  SBI_TIGHT) (SQUIGGLE) (SHORT ASC FAST) ,(BB SHORT) (GAP SHORT) (SQUIGGLE ASC SBI_TIGHT),N02
13,N02,A,A1,N02-A1-2,data/ford-catalogue/Northern Resident/media/A_clan/N02-A1-2.mp3,data/ford-catalogue/spects/N02-A1-2.png,(BB  SBI_TIGHT) (SQUIGGLE) (SHORT ASC FAST) ,(BB) (UPSWEEP FLAT) (ASC SBI_INC),N07ii
14,N02,A,A4,N02-A4-1,data/ford-catalogue/Northern Resident/media/A_clan/N02-A4-1.mp3,data/ford-catalogue/spects/N02-A4-1.png,(BB  SBI_TIGHT) (SQUIGGLE) (SHORT ASC FAST) ,(BB) (SQUIGGLE) (SHORT ASC FAST),N02
15,N02,A,A5,N02-A5-1,data/ford-catalogue/Northern Resident/media/A_clan/N02-A5-1.mp3,data/ford-catalogue/spects/N02-A5-1.png,(BB  SBI_TIGHT) (SQUIGGLE) (SHORT ASC FAST) ,(BB) (SQUIGGLE) (ASC SLOW),N02
16,N02,A,A5,N02-A5-2,data/ford-catalogue/Northern Resident/media/A_clan/N02-A5-2.mp3,data/ford-catalogue/spects/N02-A5-2.png,(BB  SBI_TIGHT) (SQUIGGLE) (SHORT ASC FAST) ,(BB) (UPSWEEP FLAT) (ASC SBI_INC),N07ii
17,N03,A,A1,N03-A1-1,data/ford-catalogue/Northern Resident/media/A_clan/N03-A1-1.mp3,data/ford-catalogue/spects/N03-A1-1.png,(BB SHORT) (GAP SHORT) (DESC SBI_DEC) ,(BB SHORT) (ASC SBI_INC),N07ii
18,N03,A,A1,N03-A1-2,data/ford-catalogue/Northern Resident/media/A_clan/N03-A1-2.mp3,data/ford-catalogue/spects/N03-A1-2.png,(BB SHORT) (GAP SHORT) (DESC SBI_DEC) ,(BB),N07i
19,N03,A,A5,N03-A5-1,data/ford-catalogue/Northern Resident/media/A_clan/N03-A5-1.mp3,data/ford-catalogue/spects/N03-A5-1.png,(BB SHORT) (GAP SHORT) (DESC SBI_DEC) ,(BB SHORT) (PEAK LEFT LARGE) (BB),N10
20,N03,A,C1,N03-C1-1,data/ford-catalogue/Northern Resident/media/A_clan/N03-C1-1.mp3,data/ford-catalogue/spects/N03-C1-1.png,(BB SHORT) (GAP SHORT) (DESC SBI_DEC) ,(BB SHORT) (DESC SBI_DEC),N03
21,N03,A,D1,N03-D1-1,data/ford-catalogue/Northern Resident/media/A_clan/N03-D1-1.mp3,data/ford-catalogue/spects/N03-D1-1.png,(BB SHORT) (GAP SHORT) (DESC SBI_DEC) ,(BB) (PULSED) (BB),N08i
22,N04,A,A1,N04-A1-1,data/ford-catalogue/Northern Resident/media/A_clan/N04-A1-1.mp3,data/ford-catalogue/spects/N04-A1-1.png,"(LEFT PEAK LARGE , FLAT) (SHORT ASC SBI_TIGHT) ",(ASC FAST) (FLAT) (DOWNSWEEP),N23ii
23,N04,A,A1,N04-A1-2,data/ford-catalogue/Northern Resident/media/A_clan/N04-A1-2.mp3,data/ford-catalogue/spects/N04-A1-2.png,"(LEFT PEAK LARGE , FLAT) (SHORT ASC SBI_TIGHT) ",(LEFT PEAK LARGE) (SHORT ASC SBI_TIGHT),N04
24,N04,A,A1,N04-A1-3,data/ford-catalogue/Northern Resident/media/A_clan/N04-A1-3.mp3,data/ford-catalogue/spects/N04-A1-3.png,"(LEFT PEAK LARGE , FLAT) (SHORT ASC SBI_TIGHT) ","(ASC SLOW SBI_TIGHT , FLAT SBI_TIGHT)",N12
25,N04,A,A1,N04-A1-4,data/ford-catalogue/Northern Resident/media/A_clan/N04-A1-4.mp3,data/ford-catalogue/spects/N04-A1-4.png,"(LEFT PEAK LARGE , FLAT) (SHORT ASC SBI_TIGHT) ",(ASC SLOW SBI_TIGHT) (DESC SLOW SBI_DEC),N03
26,N04,A,A4,N04-A4-1,data/ford-catalogue/Northern Resident/media/A_clan/N04-A4-1.mp3,data/ford-catalogue/spects/N04-A4-1.png,"(LEFT PEAK LARGE , FLAT) (SHORT ASC SBI_TIGHT) ",(ASC SLOW) (ASC SBI_WIDE),N16iv
27,N04,A,A4,N04-A4-2,data/ford-catalogue/Northern Resident/media/A_clan/N04-A4-2.mp3,data/ford-catalogue/spects/N04-A4-2.png,"(LEFT PEAK LARGE , FLAT) (SHORT ASC SBI_TIGHT) ",(ASC FAST) (FLAT) (DOWNSWEEP),N23ii
28,N04,A,A5,N04-A5-1,data/ford-catalogue/Northern Resident/media/A_clan/N04-A5-1.mp3,data/ford-catalogue/spects/N04-A5-1.png,"(LEFT PEAK LARGE , FLAT) (SHORT ASC SBI_TIGHT) ",(BB SHORT) (UPSWEEP) (FLAT SBI_WIDE),N07i
29,N04,A,A5,N04-A5-2,data/ford-catalogue/Northern Resident/media/A_clan/N04-A5-2.mp3,data/ford-catalogue/spects/N04-A5-2.png,"(LEFT PEAK LARGE , FLAT) (SHORT ASC SBI_TIGHT) ",(ASC FAST) (FLAT) (DOWNSWEEP),N23ii
30,N05i,A,A1,N05i-A1-1,data/ford-catalogue/Northern Resident/media/A_clan/N05i-A1-1.mp3,data/ford-catalogue/spects/N05i-A1-1.png,"(UPSWEEP FLAT | UPSWEEP FLAT , ASC) (SHORT SBI_TIGHT , ASC) ",(BB SHORT) (FLAT SBI_WIDE),N12
31,N05i,A,A1,N05i-A1-2,data/ford-catalogue/Northern Resident/media/A_clan/N05i-A1-2.mp3,data/ford-catalogue/spects/N05i-A1-2.png,"(UPSWEEP FLAT | UPSWEEP FLAT , ASC) (SHORT SBI_TIGHT , ASC) ",(UPSWEEP FLAT) (ASC SBI_INC),N07ii
32,N05i,A,A1,N05i-A1-3,data/ford-catalogue/Northern Resident/media/A_clan/N05i-A1-3.mp3,data/ford-catalogue/spects/N05i-A1-3.png,"(UPSWEEP FLAT | UPSWEEP FLAT , ASC) (SHORT SBI_TIGHT , ASC) ",(BB) (UPSWEEP FLAT) (ASC SBI_INC),N07ii
33,N05i,A,A1,N05i-A1-4,data/ford-catalogue/Northern Resident/media/A_clan/N05i-A1-4.mp3,data/ford-catalogue/spects/N05i-A1-4.png,"(UPSWEEP FLAT | UPSWEEP FLAT , ASC) (SHORT SBI_TIGHT , ASC) ",(BB) (UPSWEEP FLAT) (ASC SBI_INC),N07ii
34,N05i,A,A1,N05i-A1-5,data/ford-catalogue/Northern Resident/media/A_clan/N05i-A1-5.mp3,data/ford-catalogue/spects/N05i-A1-5.png,"(UPSWEEP FLAT | UPSWEEP FLAT , ASC) (SHORT SBI_TIGHT , ASC) ",(BB) (UPSWEEP FLAT) (ASC SBI_INC),N07ii
35,N05i,A,A1,N05i-A1-6,data/ford-catalogue/Northern Resident/media/A_clan/N05i-A1-6.mp3,data/ford-catalogue/spects/N05i-A1-6.png,"(UPSWEEP FLAT | UPSWEEP FLAT , ASC) (SHORT SBI_TIGHT , ASC) ",(BB) (UPSWEEP FLAT) (ASC SBI_INC),N07ii
36,N05i,A,A5,N05i-A5-1,data/ford-catalogue/Northern Resident/media/A_clan/N05i-A5-1.mp3,data/ford-catalogue/spects/N05i-A5-1.png,"(UPSWEEP FLAT | UPSWEEP FLAT , ASC) (SHORT SBI_TIGHT , ASC) ",(UPSWEEP FLAT) (ASC SBI_INC),N07ii
37,N05i,A,H1,N05i-H1-1,data/ford-catalogue/Northern Resident/media/A_clan/N05i-H1-1.mp3,data/ford-catalogue/spects/N05i-H1-1.png,"(UPSWEEP FLAT | UPSWEEP FLAT , ASC) (SHORT SBI_TIGHT , ASC) ",(BB SHORT) (FLAT SBI_WIDE) (BB SHORT),N21
38,N05i,A,H1,N05i-H1-2,data/ford-catalogue/Northern Resident/media/A_clan/N05i-H1-2.mp3,data/ford-catalogue/spects/N05i-H1-2.png,"(UPSWEEP FLAT | UPSWEEP FLAT , ASC) (SHORT SBI_TIGHT , ASC) ",(BB) (UPSWEEP FLAT) (ASC SBI_INC),N07ii
39,N05i,A,"I1,I2,I18","N05i-I1,I2,I18-1","data/ford-catalogue/Northern Resident/media/A_clan/N05i-I1,I2,I18-1.mp3","data/ford-catalogue/spects/N05i-I1,I2,I18-1.png","(UPSWEEP FLAT | UPSWEEP FLAT , ASC) (SHORT SBI_TIGHT , ASC) ",(BB) (UPSWEEP FLAT) (ASC SBI_INC),N07ii
40,N05i,A,"I1,I2,I18","N05i-I1,I2,I18-2","data/ford-catalogue/Northern Resident/media/A_clan/N05i-I1,I2,I18-2.mp3","data/ford-catalogue/spects/N05i-I1,I2,I18-2.png","(UPSWEEP FLAT | UPSWEEP FLAT , ASC) (SHORT SBI_TIGHT , ASC) ",(BB) (UPSWEEP FLAT) (ASC SBI_INC),N07ii
41,N05ii,A,B1,N05ii-B1-1,data/ford-catalogue/Northern Resident/media/A_clan/N05ii-B1-1.mp3,data/ford-catalogue/spects/N05ii-B1-1.png,(FLAT | ASC SLOW) (BB SHORT) (SHORT PEAK) (BB SHORT) ,(BB) (UPSWEEP FLAT) (ASC SBI_INC),N07ii
42,N05ii,A,B1,N05ii-B1-2,data/ford-catalogue/Northern Resident/media/A_clan/N05ii-B1-2.mp3,data/ford-catalogue/spects/N05ii-B1-2.png,(FLAT | ASC SLOW) (BB SHORT) (SHORT PEAK) (BB SHORT) ,(BB) (UPSWEEP FLAT) (ASC SBI_INC),N07ii
43,N05ii,A,"I1,I2,I18","N05ii-I1,I2,I18-1","data/ford-catalogue/Northern Resident/media/A_clan/N05ii-I1,I2,I18-1.mp3","data/ford-catalogue/spects/N05ii-I1,I2,I18-1.png",(FLAT | ASC SLOW) (BB SHORT) (SHORT PEAK) (BB SHORT) ,(BB) (UPSWEEP FLAT) (ASC SBI_INC),N07ii
44,N05ii,A,"I1,I2,I18","N05ii-I1,I2,I18-2","data/ford-catalogue/Northern Resident/media/A_clan/N05ii-I1,I2,I18-2.mp3","data/ford-catalogue/spects/N05ii-I1,I2,I18-2.png",(FLAT | ASC SLOW) (BB SHORT) (SHORT PEAK) (BB SHORT) ,(BB SHORT) (ASC SLOW SBI_INC),N07ii
45,N05ii,A,"I1,I2,I18","N05ii-I1,I2,I18-3","data/ford-catalogue/Northern Resident/media/A_clan/N05ii-I1,I2,I18-3.mp3","data/ford-catalogue/spects/N05ii-I1,I2,I18-3.png",(FLAT | ASC SLOW) (BB SHORT) (SHORT PEAK) (BB SHORT) ,(BB) (UPSWEEP FLAT) (ASC SBI_INC),N07ii
46,N05ii,A,I2,N05ii-I2-1,data/ford-catalogue/Northern Resident/media/A_clan/N05ii-I2-1.mp3,data/ford-catalogue/spects/N05ii-I2-1.png,(FLAT | ASC SLOW) (BB SHORT) (SHORT PEAK) (BB SHORT) ,(ASC SBI_INC) (ASC SBI_WIDE) (BB),N16iv
47,N07i,A,A1,N07i-A1-1,data/ford-catalogue/Northern Resident/media/A_clan/N07i-A1-1.mp3,data/ford-catalogue/spects/N07i-A1-1.png,"(BB) (UPSWEEP , FLAT) ",(BB) (UPSWEEP FLAT) (ASC SBI_INC),N07ii
48,N07i,A,A1,N07i-A1-2,data/ford-catalogue/Northern Resident/media/A_clan/N07i-A1-2.mp3,data/ford-catalogue/spects/N07i-A1-2.png,"(BB) (UPSWEEP , FLAT) ",(BB) (ASC SBI_INC),N07ii
49,N07i,A,A1,N07i-A1-3,data/ford-catalogue/Northern Resident/media/A_clan/N07i-A1-3.mp3,data/ford-catalogue/spects/N07i-A1-3.png,"(BB) (UPSWEEP , FLAT) ",(BB) (UPSWEEP FLAT) (ASC SBI_INC),N07ii
50,N07i,A,A1,N07i-A1-4,data/ford-catalogue/Northern Resident/media/A_clan/N07i-A1-4.mp3,data/ford-catalogue/spects/N07i-A1-4.png,"(BB) (UPSWEEP , FLAT) ",(BB) (UPSWEEP FLAT) (ASC SBI_INC),N07ii
51,N07i,A,A4,N07i-A4-1,data/ford-catalogue/Northern Resident/media/A_clan/N07i-A4-1.mp3,data/ford-catalogue/spects/N07i-A4-1.png,"(BB) (UPSWEEP , FLAT) ",(BB) (UPSWEEP FLAT) (ASC SBI_INC),N07ii
52,N07i,A,A4,N07i-A4-2,data/ford-catalogue/Northern Resident/media/A_clan/N07i-A4-2.mp3,data/ford-catalogue/spects/N07i-A4-2.png,"(BB) (UPSWEEP , FLAT) ",(BB) (UPSWEEP FLAT) (ASC SBI_INC),N07ii
53,N07i,A,A5,N07i-A5-1,data/ford-catalogue/Northern Resident/media/A_clan/N07i-A5-1.mp3,data/ford-catalogue/spects/N07i-A5-1.png,"(BB) (UPSWEEP , FLAT) ",(BB) (GAP) (BB) (UPSWEEP FLAT) (ASC SBI_INC),N07ii
54,N07i,A,A5,N07i-A5-2,data/ford-catalogue/Northern Resident/media/A_clan/N07i-A5-2.mp3,data/ford-catalogue/spects/N07i-A5-2.png,"(BB) (UPSWEEP , FLAT) ",(BB) (UPSWEEP FLAT) (ASC SBI_INC),N07ii
55,N07i,A,A5,N07i-A5-3,data/ford-catalogue/Northern Resident/media/A_clan/N07i-A5-3.mp3,data/ford-catalogue/spects/N07i-A5-3.png,"(BB) (UPSWEEP , FLAT) ",(BB) (UPSWEEP FLAT),N07i
56,N07ii,A,H1,N07ii-H1-1,data/ford-catalogue/Northern Resident/media/A_clan/N07ii-H1-1.mp3,data/ford-catalogue/spects/N07ii-H1-1.png,(BB) (UPSWEEP FLAT) (ASC SBI_INC) ,(BB) (UPSWEEP FLAT) (ASC SBI_INC),N07ii
57,N07ii,A,"I1,I2,I18","N07ii-I1,I2,I18-1","data/ford-catalogue/Northern Resident/media/A_clan/N07ii-I1,I2,I18-1.mp3","data/ford-catalogue/spects/N07ii-I1,I2,I18-1.png",(BB) (UPSWEEP FLAT) (ASC SBI_INC) ,(BB) (UPSWEEP FLAT) (ASC SBI_INC),N07ii
58,N07iii,A,B1,N07iii-B1-1,data/ford-catalogue/Northern Resident/media/A_clan/N07iii-B1-1.mp3,data/ford-catalogue/spects/N07iii-B1-1.png,(BB) (UPSWEEP FLAT) (ASC SBI_INC) ,(BB) (UPSWEEP FLAT) (ASC SBI_INC),N07ii
59,N07iii,A,B1,N07iii-B1-2,data/ford-catalogue/Northern Resident/media/A_clan/N07iii-B1-2.mp3,data/ford-catalogue/spects/N07iii-B1-2.png,(BB) (UPSWEEP FLAT) (ASC SBI_INC) ,"(FLAT SBI_WIDE , ASC FAST)",N16ii
60,N07iii,A,"I1,I2,I18","N07iii-I1,I2,I18-1","data/ford-catalogue/Northern Resident/media/A_clan/N07iii-I1,I2,I18-1.mp3","data/ford-catalogue/spects/N07iii-I1,I2,I18-1.png",(BB) (UPSWEEP FLAT) (ASC SBI_INC) ,(BB) (UPSWEEP FLAT) (ASC SBI_INC),N07ii
61,N07iii,A,"I1,I2,I18","N07iii-I1,I2,I18-2","data/ford-catalogue/Northern Resident/media/A_clan/N07iii-I1,I2,I18-2.mp3","data/ford-catalogue/spects/N07iii-I1,I2,I18-2.png",(BB) (UPSWEEP FLAT) (ASC SBI_INC) ,(BB) (UPSWEEP FLAT) (ASC SBI_INC),N07ii
62,N07iv,A,C1,N07iv-C1-1,data/ford-catalogue/Northern Resident/media/A_clan/N07iv-C1-1.mp3,data/ford-catalogue/spects/N07iv-C1-1.png,(BB) (UPSWEEP FLAT) (ASC SBI_WIDE) ,(UPSWEEP FLAT) (ASC SBI_INC),N07ii
63,N07iv,A,D1,N07iv-D1-1,data/ford-catalogue/Northern Resident/media/A_clan/N07iv-D1-1.mp3,data/ford-catalogue/spects/N07iv-D1-1.png,(BB) (UPSWEEP FLAT) (ASC SBI_WIDE) ,(BB) (UPSWEEP FLAT) (ASC SBI_INC),N07ii
64,N08i,A,A1,N08i-A1-1,data/ford-catalogue/Northern Resident/media/A_clan/N08i-A1-1.mp3,data/ford-catalogue/spects/N08i-A1-1.png,(PULSED) (LEFT PEAK) ,(BB) (UPSWEEP FLAT) (ASC SBI_INC),N07ii
65,N08i,A,A1,N08i-A1-2,data/ford-catalogue/Northern Resident/media/A_clan/N08i-A1-2.mp3,data/ford-catalogue/spects/N08i-A1-2.png,(PULSED) (LEFT PEAK) ,(BB) (UPSWEEP FLAT),N07i
66,N08i,A,A1,N08i-A1-3,data/ford-catalogue/Northern Resident/media/A_clan/N08i-A1-3.mp3,data/ford-catalogue/spects/N08i-A1-3.png,(PULSED) (LEFT PEAK) ,(BB),N07i
67,N08i,A,A4,N08i-A4-1,data/ford-catalogue/Northern Resident/media/A_clan/N08i-A4-1.mp3,data/ford-catalogue/spects/N08i-A4-1.png,(PULSED) (LEFT PEAK) ,(BB) (UPSWEEP FLAT) (ASC SBI_INC),N07ii
68,N08i,A,A4,N08i-A4-2,data/ford-catalogue/Northern Resident/media/A_clan/N08i-A4-2.mp3,data/ford-catalogue/spects/N08i-A4-2.png,(PULSED) (LEFT PEAK) ,(BB) (PULSED),N08i
69,N08i,A,A5,N08i-A5-1,data/ford-catalogue/Northern Resident/media/A_clan/N08i-A5-1.mp3,data/ford-catalogue/spects/N08i-A5-1.png,(PULSED) (LEFT PEAK) ,(BB) (UPSWEEP FLAT),N07i
70,N08i,A,A5,N08i-A5-2,data/ford-catalogue/Northern Resident/media/A_clan/N08i-A5-2.mp3,data/ford-catalogue/spects/N08i-A5-2.png,(PULSED) (LEFT PEAK) ,(BB) (UPSWEEP FLAT) (ASC SBI_INC),N07ii
71,N08i,A,H1,N08i-H1-1,data/ford-catalogue/Northern Resident/media/A_clan/N08i-H1-1.mp3,data/ford-catalogue/spects/N08i-H1-1.png,(PULSED) (LEFT PEAK) ,(BB) (ASC SBI_WIDE),N16iv
72,N08ii,A,C1,N08ii-C1-1,data/ford-catalogue/Northern Resident/media/A_clan/N08ii-C1-1.mp3,data/ford-catalogue/spects/N08ii-C1-1.png,(PULSED) (SHORT FLAT SBI_TIGHT) ,(BB) (PULSED) (ASC SBI_TIGHT),N07ii
73,N08ii,A,D1,N08ii-D1-1,data/ford-catalogue/Northern Resident/media/A_clan/N08ii-D1-1.mp3,data/ford-catalogue/spects/N08ii-D1-1.png,(PULSED) (SHORT FLAT SBI_TIGHT) ,(BB) (PULSED) (BB),N08iv
74,N08iii,A,B1,N08iii-B1-1,data/ford-catalogue/Northern Resident/media/A_clan/N08iii-B1-1.mp3,data/ford-catalogue/spects/N08iii-B1-1.png,"(PULSED) (PEAK , FLAT | DESC) ",(BB) (UPSWEEP FLAT) (ASC SBI_INC),N07ii
75,N08iii,A,I2,N08iii-I2-1,data/ford-catalogue/Northern Resident/media/A_clan/N08iii-I2-1.mp3,data/ford-catalogue/spects/N08iii-I2-1.png,"(PULSED) (PEAK , FLAT | DESC) ",(BB) (UPSWEEP FLAT) (ASC SBI_INC),N07ii
76,N08iv,A,B1,N08iv-B1-1,data/ford-catalogue/Northern Resident/media/A_clan/N08iv-B1-1.mp3,data/ford-catalogue/spects/N08iv-B1-1.png,(PULSED) (SHORT SMALL PEAK) (BB) ,(BB),N07i
77,N08iv,A,"I1,I2,I18","N08iv-I1,I2,I18-1","data/ford-catalogue/Northern Resident/media/A_clan/N08iv-I1,I2,I18-1.mp3","data/ford-catalogue/spects/N08iv-I1,I2,I18-1.png",(PULSED) (SHORT SMALL PEAK) (BB) ,(BB) (UPSWEEP FLAT) (ASC SBI_INC),N07ii
78,N09i,A,A1,N09i-A1-1,data/ford-catalogue/Northern Resident/media/A_clan/N09i-A1-1.mp3,data/ford-catalogue/spects/N09i-A1-1.png,(BB) (SHORT ASC FAST) (FLAT | ASC SLOW) (SHORT ASC FAST) ,(BB) (UPSWEEP FLAT) (ASC SBI_INC),N07ii
79,N09i,A,A1,N09i-A1-2,data/ford-catalogue/Northern Resident/media/A_clan/N09i-A1-2.mp3,data/ford-catalogue/spects/N09i-A1-2.png,(BB) (SHORT ASC FAST) (FLAT | ASC SLOW) (SHORT ASC FAST) ,(BB) (UPSWEEP FLAT) (ASC SBI_INC),N07ii
80,N09i,A,A1,N09i-A1-3,data/ford-catalogue/Northern Resident/media/A_clan/N09i-A1-3.mp3,data/ford-catalogue/spects/N09i-A1-3.png,(BB) (SHORT ASC FAST) (FLAT | ASC SLOW) (SHORT ASC FAST) ,(BB) (UPSWEEP FLAT) (ASC SBI_INC),N07ii
81,N09i,A,A1,N09i-A1-4,data/ford-catalogue/Northern Resident/media/A_clan/N09i-A1-4.mp3,data/ford-catalogue/spects/N09i-A1-4.png,(BB) (SHORT ASC FAST) (FLAT | ASC SLOW) (SHORT ASC FAST) ,(BB) (UPSWEEP FLAT) (ASC SBI_INC),N07ii
87,N10,A,A1,N10-A1-1,data/ford-catalogue/Northern Resident/media/A_clan/N10-A1-1.mp3,data/ford-catalogue/spects/N10-A1-1.png,"(BB) (SHORT ?) (LARGE PEAK , FLAT) (BB SHORT ?) ",(BB) (UPSWEEP FLAT) (ASC SBI_INC),N07ii
91,N12,A,A1,N12-A1-4,data/ford-catalogue/Northern Resident/media/A_clan/N12-A1-4.mp3,data/ford-catalogue/spects/N12-A1-4.png,"(BB SHORT) (FLAT SBI_TIGHT) (ASC SBI_INC | ASC , FLAT) ",(BB) (UPSWEEP FLAT) (ASC SBI_INC),N07ii
92,N12,A,A1,N12-A1-5,data/ford-catalogue/Northern Resident/media/A_clan/N12-A1-5.mp3,data/ford-catalogue/spects/N12-A1-5.png,"(BB SHORT) (FLAT SBI_TIGHT) (ASC SBI_INC | ASC , FLAT) ",(BB SHORT) (FLAT SBI_TIGHT),N12
93,N12,A,A4,N12-A4-1,data/ford-catalogue/Northern Resident/media/A_clan/N12-A4-1.mp3,data/ford-catalogue/spects/N12-A4-1.png,"(BB SHORT) (FLAT SBI_TIGHT) (ASC SBI_INC | ASC , FLAT) ",(BB) (UPSWEEP FLAT) (ASC SBI_INC),N07ii
94,N12,A,A4,N12-A4-2,data/ford-catalogue/Northern Resident/media/A_clan/N12-A4-2.mp3,data/ford-catalogue/spects/N12-A4-2.png,"(BB SHORT) (FLAT SBI_TIGHT) (ASC SBI_INC | ASC , FLAT) ",(BB SHORT) (FLAT SBI_TIGHT),N12
95,N12,A,A5,N12-A5-1,data/ford-catalogue/Northern Resident/media/A_clan/N12-A5-1.mp3,data/ford-catalogue/spects/N12-A5-1.png,"(BB SHORT) (FLAT SBI_TIGHT) (ASC SBI_INC | ASC , FLAT) ","(BB SHORT) (ASC SLOW SBI_TIGHT , FLAT SBI_TIGHT) (BB SHORT)",N12
96,N12,A,B1,N12-B1-1,data/ford-catalogue/Northern Resident/media/A_clan/N12-B1-1.mp3,data/ford-catalogue/spects/N12-B1-1.png,"(BB SHORT) (FLAT SBI_TIGHT) (ASC SBI_INC | ASC , FLAT) ",(BB) (UPSWEEP FLAT) (ASC SBI_INC),N07ii
97,N12,A,C1,N12-C1-1,data/ford-catalogue/Northern Resident/media/A_clan/N12-C1-1.mp3,data/ford-catalogue/spects/N12-C1-1.png,"(BB SHORT) (FLAT SBI_TIGHT) (ASC SBI_INC | ASC , FLAT) ",(BB) (UPSWEEP FLAT) (ASC SBI_INC),N07ii
98,N12,A,C1,N12-C1-2,data/ford-catalogue/Northern Resident/media/A_clan/N12-C1-2.mp3,data/ford-catalogue/spects/N12-C1-2.png,"(BB SHORT) (FLAT SBI_TIGHT) (ASC SBI_INC | ASC , FLAT) ",(BB SHORT) (GAP SHORT) (ASC SBI_WIDE),N03
99,N12,A,D1,N12-D1-1,data/ford-catalogue/Northern Resident/media/A_clan/N12-D1-1.mp3,data/ford-catalogue/spects/N12-D1-1.png,"(BB SHORT) (FLAT SBI_TIGHT) (ASC SBI_INC | ASC , FLAT) ",(BB) (UPSWEEP FLAT) (ASC SBI_INC),N07ii
100,N12,A,H1,N12-H1-1,data/ford-catalogue/Northern Resident/media/A_clan/N12-H1-1.mp3,data/ford-catalogue/spects/N12-H1-1.png,"(BB SHORT) (FLAT SBI_TIGHT) (ASC SBI_INC | ASC , FLAT) ",(BB SHORT) (GAP SHORT) (DESC SBI_DEC),N03
101,N12,A,"I1,I2,I18","N12-I1,I2,I18-1","data/ford-catalogue/Northern Resident/media/A_clan/N12-I1,I2,I18-1.mp3","data/ford-catalogue/spects/N12-I1,I2,I18-1.png","(BB SHORT) (FLAT SBI_TIGHT) (ASC SBI_INC | ASC , FLAT) ",(BB SHORT) (GAP) (BB SHORT),N03
102,N12,A,"I1,I2,I18","N12-I1,I2,I18-2","data/ford-catalogue/Northern Resident/media/A_clan/N12-I1,I2,I18-2.mp3","data/ford-catalogue/spects/N12-I1,I2,I18-2.png","(BB SHORT) (FLAT SBI_TIGHT) (ASC SBI_INC | ASC , FLAT) ",(BB) (UPSWEEP FLAT) (ASC SBI_INC),N07ii
103,N12,A,"I1,I2,I18","N12-I1,I2,I18-3","data/ford-catalogue/Northern Resident/media/A_clan/N12-I1,I2,I18-3.mp3","data/ford-catalogue/spects/N12-I1,I2,I18-3.png","(BB SHORT) (FLAT SBI_TIGHT) (ASC SBI_INC | ASC , FLAT) ",(BB) (GAP) (BB),N03
104,N13,A,A1,N13-A1-1,data/ford-catalogue/Northern Resident/media/A_clan/N13-A1-1.mp3,data/ford-catalogue/spects/N13-A1-1.png,(BB) (SHORT ASC) (SQUIGGLE | PEAK PEAK) (BB SHORT) ,(BB) (SQUIGGLE SBI_TIGHT) (SHORT ASC FAST),N02
105,N13,A,A1,N13-A1-2,data/ford-catalogue/Northern Resident/media/A_clan/N13-A1-2.mp3,data/ford-catalogue/spects/N13-A1-2.png,(BB) (SHORT ASC) (SQUIGGLE | PEAK PEAK) (BB SHORT) ,(BB) (ASC FAST),N09i
106,N13,A,A5,N13-A5-1,data/ford-catalogue/Northern Resident/media/A_clan/N13-A5-1.mp3,data/ford-catalogue/spects/N13-A5-1.png,(BB) (SHORT ASC) (SQUIGGLE | PEAK PEAK) (BB SHORT) ,(BB) (SQUIGGLE),N02
107,N16i,A,B1,N16i-B1-1,data/ford-catalogue/Northern Resident/media/A_clan/N16i-B1-1.mp3,data/ford-catalogue/spects/N16i-B1-1.png,"(ASC SLOW , ASC FAST) (BB SHORT) (ASC SBI_WIDE | LARGE RIGHT PEAK SBI_WIDE) (BB SHORT) ",(BB) (UPSWEEP FLAT) (ASC SBI_INC),N07ii
108,N16i,A,B1,N16i-B1-2,data/ford-catalogue/Northern Resident/media/A_clan/N16i-B1-2.mp3,data/ford-catalogue/spects/N16i-B1-2.png,"(ASC SLOW , ASC FAST) (BB SHORT) (ASC SBI_WIDE | LARGE RIGHT PEAK SBI_WIDE) (BB SHORT) ",(ASC SBI_WIDE) (BB SHORT),N16iv
109,N16i,A,C1,N16i-C1-1,data/ford-catalogue/Northern Resident/media/A_clan/N16i-C1-1.mp3,data/ford-catalogue/spects/N16i-C1-1.png,"(ASC SLOW , ASC FAST) (BB SHORT) (ASC SBI_WIDE | LARGE RIGHT PEAK SBI_WIDE) (BB SHORT) ",(ASC SLOW SBI_INC) (BB SHORT),N07ii
110,N16ii,A,C1,N16ii-C1-1,data/ford-catalogue/Northern Resident/media/A_clan/N16ii-C1-1.mp3,data/ford-catalogue/spects/N16ii-C1-1.png,"(ASC | FLAT , ASC) (SHORT SBI_TIGHT) (ASC SBI_WIDE | LARGE RIGHT PEAK SBI_WIDE) (SHORT SBI_TIGHT) ",(BB) (UPSWEEP FLAT) (ASC SBI_INC),N07ii
111,N16ii,A,C1,N16ii-C1-2,data/ford-catalogue/Northern Resident/media/A_clan/N16ii-C1-2.mp3,data/ford-catalogue/spects/N16ii-C1-2.png,"(ASC | FLAT , ASC) (SHORT SBI_TIGHT) (ASC SBI_WIDE | LARGE RIGHT PEAK SBI_WIDE) (SHORT SBI_TIGHT) ",(ASC SLOW SBI_INC) (PEAK LARGE),N32i
112,N16ii,A,D1,N16ii-D1-1,data/ford-catalogue/Northern Resident/media/A_clan/N16ii-D1-1.mp3,data/ford-catalogue/spects/N16ii-D1-1.png,"(ASC | FLAT , ASC) (SHORT SBI_TIGHT) (ASC SBI_WIDE | LARGE RIGHT PEAK SBI_WIDE) (SHORT SBI_TIGHT) ",(BB) (UPSWEEP FLAT) (ASC SBI_INC),N07ii
113,N16ii,A,D1,N16ii-D1-2,data/ford-catalogue/Northern Resident/media/A_clan/N16ii-D1-2.mp3,data/ford-catalogue/spects/N16ii-D1-2.png,"(ASC | FLAT , ASC) (SHORT SBI_TIGHT) (ASC SBI_WIDE | LARGE RIGHT PEAK SBI_WIDE) (SHORT SBI_TIGHT) ",(BB) (UPSWEEP FLAT) (ASC SBI_INC),N07ii
114,N16iii,A,H1,N16iii-H1-1,data/ford-catalogue/Northern Resident/media/A_clan/N16iii-H1-1.mp3,data/ford-catalogue/spects/N16iii-H1-1.png,"(PEAK , FLAT , ASC) () (ASC SBI_WIDE) (SHORT SBI_TIGHT) ",(BB SHORT) (UPSWEEP FLAT) (ASC SBI_INC),N07ii
115,N16iv,A,"I1,I2,I18","N16iv-I1,I2,I18-1","data/ford-catalogue/Northern Resident/media/A_clan/N16iv-I1,I2,I18-1.mp3","data/ford-catalogue/spects/N16iv-I1,I2,I18-1.png",(FLAT | ASC SLOW) (ASC SBI_WIDE) (BB  SBI_TIGHT) ,(UPSWEEP FLAT) (ASC SBI_INC),N07ii
116,N16iv,A,I2,N16iv-I2-1,data/ford-catalogue/Northern Resident/media/A_clan/N16iv-I2-1.mp3,data/ford-catalogue/spects/N16iv-I2-1.png,(FLAT | ASC SLOW) (ASC SBI_WIDE) (BB  SBI_TIGHT) ,(FLAT) (ASC FAST SBI_TIGHT),N12
120,N18,A,B1,N18-B1-1,data/ford-catalogue/Northern Resident/media/A_clan/N18-B1-1.mp3,data/ford-catalogue/spects/N18-B1-1.png,(FLAT) (BB SHORT) (SHORT PEAK) (BB SHORT) ,(BB) (UPSWEEP FLAT) (ASC SBI_INC),N07ii
121,N18,A,B1,N18-B1-2,data/ford-catalogue/Northern Resident/media/A_clan/N18-B1-2.mp3,data/ford-catalogue/spects/N18-B1-2.png,(FLAT) (BB SHORT) (SHORT PEAK) (BB SHORT) ,(FLAT SBI_WIDE) (DOWNSWEEP FLAT DOWNSWEEP),N23ii
122,N18,A,C1,N18-C1-1,data/ford-catalogue/Northern Resident/media/A_clan/N18-C1-1.mp3,data/ford-catalogue/spects/N18-C1-1.png,(FLAT) (BB SHORT) (SHORT PEAK) (BB SHORT) ,(BB SHORT) (GAP SHORT) (DESC SBI_DEC),N03
123,N20,A,B1,N20-B1-1,data/ford-catalogue/Northern Resident/media/A_clan/N20-B1-1.mp3,data/ford-catalogue/spects/N20-B1-1.png,(PEAK LARGE) ,(BB) (UPSWEEP FLAT) (ASC SBI_INC),N07ii
124,N20,A,C1,N20-C1-1,data/ford-catalogue/Northern Resident/media/A_clan/N20-C1-1.mp3,data/ford-catalogue/spects/N20-C1-1.png,(PEAK LARGE) ,(BB SHORT) (PEAK LARGE),N20
125,N20,A,D1,N20-D1-1,data/ford-catalogue/Northern Resident/media/A_clan/N20-D1-1.mp3,data/ford-catalogue/spects/N20-D1-1.png,(PEAK LARGE) ,(PEAK LARGE SBI_TIGHT),N20
126,N20,A,D1,N20-D1-2,data/ford-catalogue/Northern Resident/media/A_clan/N20-D1-2.mp3,data/ford-catalogue/spects/N20-D1-2.png,(PEAK LARGE) ,(PEAK LARGE),N20
127,N21,A,B1,N21-B1-1,data/ford-catalogue/Northern Resident/media/A_clan/N21-B1-1.mp3,data/ford-catalogue/spects/N21-B1-1.png,(BB SHORT) (PEAK) (BB  | SINGLE_TONE) ,(BB) (PEAK FLAT),N01iii
132,N23ii,G,G1,N23ii-G1-1,data/ford-catalogue/Northern Resident/media/G_clan/N23ii-G1-1.mp3,data/ford-catalogue/spects/N23ii-G1-1.png,(FLAT SBI_WIDE) (DOWNSWEEP FLAT DOWNSWEEP) ,(FLAT SBI_WIDE) (DOWNSWEEP FLAT DOWNSWEEP),N23ii
133,N23ii,G,G1,N23ii-G1-2,data/ford-catalogue/Northern Resident/media/G_clan/N23ii-G1-2.mp3,data/ford-catalogue/spects/N23ii-G1-2.png,(FLAT SBI_WIDE) (DOWNSWEEP FLAT DOWNSWEEP) ,(PEAK) (FLAT) (DOWNSWEEP),N23ii
134,N23ii,G,G1,N23ii-G1-3,data/ford-catalogue/Northern Resident/media/G_clan/N23ii-G1-3.mp3,data/ford-catalogue/spects/N23ii-G1-3.png,(FLAT SBI_WIDE) (DOWNSWEEP FLAT DOWNSWEEP) ,(BB) (UPSWEEP FLAT) (ASC SBI_INC),N07ii
135,N23ii,G,G1,N23ii-G1-4,data/ford-catalogue/Northern Resident/media/G_clan/N23ii-G1-4.mp3,data/ford-catalogue/spects/N23ii-G1-4.png,(FLAT SBI_WIDE) (DOWNSWEEP FLAT DOWNSWEEP) ,(BB) (DESC SBI_DEC),N03
136,N23ii,G,G1,N23ii-G1-5,data/ford-catalogue/Northern Resident/media/G_clan/N23ii-G1-5.mp3,data/ford-catalogue/spects/N23ii-G1-5.png,(FLAT SBI_WIDE) (DOWNSWEEP FLAT DOWNSWEEP) ,(BB) (UPSWEEP FLAT) (ASC SBI_INC),N07ii
137,N23ii,G,G1,N23ii-G1-6,data/ford-catalogue/Northern Resident/media/G_clan/N23ii-G1-6.mp3,data/ford-catalogue/spects/N23ii-G1-6.png,(FLAT SBI_WIDE) (DOWNSWEEP FLAT DOWNSWEEP) ,(BB) (UPSWEEP FLAT) (ASC SBI_INC),N07ii
147,N25,G,G1,N25-G1-1,data/ford-catalogue/Northern Resident/media/G_clan/N25-G1-1.mp3,data/ford-catalogue/spects/N25-G1-1.png,(SBI_TIGHT ASC) (DESC SBI_WIDE BIPHO) (SHORT DIP) (SBI_TIGHT FLAT | PEAK) ,(BB) (UPSWEEP FLAT) (ASC SBI_INC),N07ii
148,N25,G,G1,N25-G1-2,data/ford-catalogue/Northern Resident/media/G_clan/N25-G1-2.mp3,data/ford-catalogue/spects/N25-G1-2.png,(SBI_TIGHT ASC) (DESC SBI_WIDE BIPHO) (SHORT DIP) (SBI_TIGHT FLAT | PEAK) ,(BB),N07i
149,N25,G,I11,N25-I11-1,data/ford-catalogue/Northern Resident/media/G_clan/N25-I11-1.mp3,data/ford-catalogue/spects/N25-I11-1.png,(SBI_TIGHT ASC) (DESC SBI_WIDE BIPHO) (SHORT DIP) (SBI_TIGHT FLAT | PEAK) ,(BB SHORT) (DESC SBI_DEC),N03
150,N25,G,I11,N25-I11-2,data/ford-catalogue/Northern Resident/media/G_clan/N25-I11-2.mp3,data/ford-catalogue/spects/N25-I11-2.png,(SBI_TIGHT ASC) (DESC SBI_WIDE BIPHO) (SHORT DIP) (SBI_TIGHT FLAT | PEAK) ,(BB) (FLAT SBI_WIDE) (DESC),N03
162,N32i,R,R1,N32i-R1-1,data/ford-catalogue/Northern Resident/media/R_clan/N32i-R1-1.mp3,data/ford-catalogue/spects/N32i-R1-1.png,"(ASC SBI_INC , BIPHO) (SHORT PEAK) ",(BB) (UPSWEEP FLAT) (ASC SBI_INC),N07ii
163,N32i,R,R1,N32i-R1-2,data/ford-catalogue/Northern Resident/media/R_clan/N32i-R1-2.mp3,data/ford-catalogue/spects/N32i-R1-2.png,"(ASC SBI_INC , BIPHO) (SHORT PEAK) ",(ASC SBI_INC) (SHORT PEAK),N32i
